<?xml version="1.0" encoding="UTF-8"?>
<EmailTemplate xmlns="http://soap.sforce.com/2006/04/metadata">
    <available>true</available>
    <description>When Request Forward for Approval by Reviewer</description>
    <encodingKey>ISO-8859-1</encodingKey>
    <name>Approver For Request Forward for Approval by Reviewer</name>
    <style>none</style>
    <subject>{!Case.Expedite_Formula__c}{!Case.Confidential_Formula__c}{!Case.Tracking_Number__c} {!Case.Subject} [{!Case.Status}]</subject>
    <textOnly>“PLEASE DO NOT REPLY TO THIS EMAIL.This is auto-generated by the system.”


This email is to notify you that the subject {!Case.RecordType} is being forwarded to you for Approval.

Requestor                    :  {!Case.CreatedBy}
Department                 :  {!Case.Department_name__c}
Type                              :  {!Case.RecordType}
Subject                         :  {!Case.Subject}
Request Due Date     :  {!Case.Request_Due_Date__c}

To access the request, click on the following link:

{!Case.Link}</textOnly>
    <type>custom</type>
    <uiType>Aloha</uiType>
</EmailTemplate>
