<?xml version="1.0" encoding="UTF-8"?>
<EmailTemplate xmlns="http://soap.sforce.com/2006/04/metadata">
    <available>true</available>
    <description>When Request is assigned to Reviewer/Queue and no action is taken,Reminder email notification will be sent twice a week i.e. Tuesday and Friday.</description>
    <encodingKey>ISO-8859-1</encodingKey>
    <name>Reminder Email to Reviewer/Queue</name>
    <style>none</style>
    <subject>Reminder Email Notification: {!Case.Expedite_Formula__c}{!Case.Confidential_Formula__c}{!Case.Tracking_Number__c} {!Case.Subject} [{!Case.Status}]</subject>
    <textOnly>“PLEASE DO NOT REPLY TO THIS EMAIL. This is auto-generated by the system.”



This email is to notify you that the subject {!Case.RecordType} has been assigned to you since {!Case.LastModifiedDate} and is pending for review/processing. 


Requestor                    :  {!Case.CreatedBy}&lt;br&gt;
Department                 :  {!Case.Department_name__c}&lt;br&gt;
Type                              :  {!Case.RecordType}&lt;br&gt;
Subject                         :  {!Case.Subject}&lt;br&gt;
Request Due Date     :  {!Case.Request_Due_Date__c}&lt;br&gt;&lt;br&gt;

To access the request, click on the following link:&lt;br&gt;&lt;br&gt;
&lt;a href=&apos;{!Case.Link}&apos;&gt;{!Case.Link}&lt;/a&gt;&lt;br/&gt;&lt;br/&gt;</textOnly>
    <type>custom</type>
    <uiType>Aloha</uiType>
</EmailTemplate>
