<?xml version="1.0" encoding="UTF-8"?>
<EmailTemplate xmlns="http://soap.sforce.com/2006/04/metadata">
    <available>true</available>
    <description>Transmittal Document Status changed to “Pending at Governor’s Office- Communications”</description>
    <encodingKey>ISO-8859-1</encodingKey>
    <name>Requestor For Status changed to “Pending at GO- Communications</name>
    <style>none</style>
    <subject>{!Case.Expedite_Formula__c}{!Case.Tracking_Number__c} {!Case.Subject} [{!Case.Status}]</subject>
    <textOnly>“PLEASE DO NOT REPLY TO THIS EMAIL.This is auto-generated by the system.”


This email is to notify you that the subject {!Case.RecordType}  has been approved by CalSTA and forwarded to the Governor’s Office.

Requestor                    :  {!Case.CreatedBy}
Department                 :  {!Case.Department_name__c}
Type                              :  {!Case.RecordType}
Subject                         :  {!Case.Subject}
Request Due Date     :  {!Case.Request_Due_Date__c}

To access the request, click on the following link:

{!Case.Link}</textOnly>
    <type>custom</type>
    <uiType>Aloha</uiType>
</EmailTemplate>
