<?xml version="1.0" encoding="UTF-8"?>
<EmailTemplate xmlns="http://soap.sforce.com/2006/04/metadata">
    <available>true</available>
    <description>GOARs Transmittal Document Status changed to “Returned from Governor’s Office Denied; Completed</description>
    <encodingKey>ISO-8859-1</encodingKey>
    <name>Requestor For Status changed to “Returned from GO Denied;Completed</name>
    <style>none</style>
    <subject>{!Case.Expedite_Formula__c}{!Case.Tracking_Number__c} {!Case.Subject} [{!Case.Status}]</subject>
    <textOnly>“PLEASE DO NOT REPLY TO THIS EMAIL.This is auto-generated by the system.”


This email is to notify you that the Governor’s Office has returned the subject {!Case.RecordType} to CalSTA denied, and it is shown as ‘Completed’ in the CalSTA Issue Memo Tracking System.  A copy of the document(s) denying the {!Case.RecordType} will be sent to you shortly.

Requestor                    :  {!Case.CreatedBy}
Department                 :  {!Case.Department_name__c}
Type                              :  {!Case.RecordType}
Subject                         :  {!Case.Subject}
Request Due Date     :  {!Case.Request_Due_Date__c}

To access the request, click on the following link:

{!Case.Link}</textOnly>
    <type>custom</type>
    <uiType>Aloha</uiType>
</EmailTemplate>
