<?xml version="1.0" encoding="UTF-8"?>
<EmailTemplate xmlns="http://soap.sforce.com/2006/04/metadata">
    <available>true</available>
    <description>When Constituent Concern status is changed to Pending at Department</description>
    <encodingKey>ISO-8859-1</encodingKey>
    <name>Responder for Constituent Concern Status changed to Pending at Department</name>
    <style>none</style>
    <subject>{!Case.Expedite_Formula__c}{!Case.Tracking_Number__c} {!Case.Subject} [{!Case.Status}]</subject>
    <textOnly>“PLEASE DO NOT REPLY TO THIS EMAIL.This is auto-generated by the system.”


This email is to notify you that CalSTA has received and logged the subject {!Case.RecordType} into its CalSTA Issue Memo Tracking System.

Requestor                    :  {!Case.CreatedBy}
Department                  :  {!Case.Department_name__c}
Type                             :  {!Case.RecordType}
Subject                         :  {!Case.Subject}

To access the request, click on the following link:

{!Case.Link}</textOnly>
    <type>custom</type>
    <uiType>Aloha</uiType>
</EmailTemplate>
