<?xml version="1.0" encoding="UTF-8"?>
<EmailTemplate xmlns="http://soap.sforce.com/2006/04/metadata">
    <available>true</available>
    <description>Transmittal Document Status changed to “Pending at GO” or “Pending at GO – Cabinet” or “Pending at GO – Legal” or “Pending at GO – Legislative” or “Pending at GO – Communications” or “Pending at GO – DOF”</description>
    <encodingKey>ISO-8859-1</encodingKey>
    <name>Reviewer for Transmittal Document Status changed</name>
    <style>none</style>
    <subject>{!Case.Expedite_Formula__c}{!Case.Confidential_Formula__c}{!Case.Tracking_Number__c} {!Case.Subject} [{!Case.Status}]</subject>
    <textOnly>“PLEASE DO NOT REPLY TO THIS EMAIL.This is auto-generated by the system.”


This email is to notify you that the subject  {!Case.RecordType} has been approved by CalSTA and forwarded to the Governor’s Office.

Requestor                    :  {!Case.CreatedBy}
Department                 :  {!Case.Department_name__c}
Type                                :  {!Case.RecordType}
Subject                          :  {!Case.Subject}
Request Due Date      :  {!Case.Request_Due_Date__c}
Submitted to GO on     :  {!Case.Submitted_to_the_GO_On__c}
Received from GO on  :  {!Case.Received_from_the_GO_on__c}

To access the request, click on the following link:

{!Case.Link}</textOnly>
    <type>custom</type>
    <uiType>Aloha</uiType>
</EmailTemplate>
