<?xml version="1.0" encoding="UTF-8"?>
<EmailTemplate xmlns="http://soap.sforce.com/2006/04/metadata">
    <available>true</available>
    <description>When Revised version of the transmittal document is not returned by the department by Date revision due back from Dept</description>
    <encodingKey>ISO-8859-1</encodingKey>
    <name>Reviewer For  Date revision due back from Dept</name>
    <style>none</style>
    <subject>{!Case.Expedite_Formula__c}{!Case.Tracking_Number__c} {!Case.Subject} [{!Case.Status}]</subject>
    <textOnly>&quot;PLEASE DO NOT REPLY TO THIS EMAIL. This is auto-generated by the system.&quot;


The revised version of the subject {!Case.RecordType} was due on {!Case.Date_Revision_Due_Back_From_Dept__c} , but the CalSTA Issue Memo Tracking System does not show it as having been received by CalSTA .

Requestor                    :  {!Case.CreatedBy}
Department                 :  {!Case.Department_name__c}
Type                              :  {!Case.RecordType}
Subject                         :  {!Case.Subject}
Request Due Date     :  {!Case.Request_Due_Date__c}

To access the request, click on the following link:

{!Case.Link}</textOnly>
    <type>custom</type>
    <uiType>Aloha</uiType>
</EmailTemplate>
